Flow Duration,Total Fwd Packets,Total Backward Packets,Flow Bytes/s,Flow Packets/s,Packet Length Mean,Packet Length Std,Reference Label
22102.57,105,186,76626.34,13.17,1242.99,246.05,Normal
408.88,10,25,7337.43,85.6,671.88,150.89,Normal
1701.04,10,9,1440.75,11.17,533.9,178.48,Normal
394.12,8,7,3905.61,38.06,666.75,123.13,Normal
17705.83,139,193,41796.29,18.75,1414.65,232.03,Normal
1366.94,9,24,3948.63,24.14,531.52,142.05,Normal
283.22,8,20,7153.92,98.86,637.04,148.56,Normal
1698.5,13,25,7265.04,22.37,553.28,183.11,Normal
2129.96,4,18,7559.01,10.33,590.59,186.76,Normal
42262.97,117,247,55126.12,8.61,1290.39,209.84,Normal
1808.53,16,24,3161.79,22.12,530.34,138.69,Normal
36098.59,121,270,70384.3,10.83,1213.32,195.47,Normal
1265.81,16,9,7030.04,19.75,550.43,149.34,Normal
18009.71,70,261,37111.23,18.38,1268.83,191.45,Normal
1265.96,14,25,3073.19,30.81,652.68,189.72,Normal
20891.49,130,203,42451.22,15.94,1161.36,220.31,Normal
42.76,1,1,91590.7,3276.53,865.88,167.35,PortScan
1376.8,7,24,5702.37,22.52,679.89,133.23,Normal
874.56,13,18,1783.19,35.45,616.42,181.88,Normal
405.57,8,23,7697.11,76.44,630.34,182.66,Normal
729.93,9,17,4513.28,35.62,673.9,135.93,Normal
31681.03,134,223,68614.43,11.27,1338.16,236.03,Normal
554.07,7,9,4536.92,28.88,556.58,132.71,Normal
723.07,12,9,4233.13,29.04,630.18,133.37,Normal
1339.43,7,17,5960.88,17.92,665.4,162.82,Normal
114.03,1,0,189642.17,2543.95,633.11,295.02,PortScan
729.75,9,24,2164.28,45.22,542.77,123.78,Normal
1858.21,4,22,3700.74,13.99,650.3,134.47,Normal
1139.66,5,15,5035.93,17.55,646.43,123.8,Normal
26.69,855,0,206736.57,7790,564.38,273,PortScan
438.02,13,7,6594.51,45.66,560.57,148.06,Normal
620.43,8,10,6671.47,29.01,611.73,157.9,Normal
1391.6,13,15,3971.8,20.12,540.22,172.34,Normal
749.72,5,14,1439.9,25.34,529.08,133.83,Normal
510.91,16,7,6300.18,45.02,639.68,126.24,Normal
1916.26,7,22,2462.4,15.13,553.29,133.41,Normal
42410.03,116,273,67577.67,9.17,1295.36,224.04,Normal
944.58,11,11,7042.61,23.29,537.62,179.07,Normal
340.98,14,19,3637.28,96.78,674.8,131.8,Normal
46535.72,122,238,94280.01,7.74,1402.24,236.13,Normal
439.61,14,13,3416.68,61.42,588.35,178.84,Normal
42508.9,99,163,81349.28,6.16,1182.59,238.7,Normal
2082.48,13,14,6064.89,12.97,607.89,148.25,Normal
1696.14,4,17,8497.47,12.38,527.4,153.37,Normal
1336.16,10,21,7417.65,23.2,661.54,155.53,Normal
321.41,16,14,3092.86,93.34,540.74,158.43,Normal
1662.64,7,7,1400.4,8.42,630.87,174.91,Normal
275.18,12,21,4393.69,119.92,673.34,127.78,Normal
1512.1,4,21,4573.24,16.53,663.94,122.58,Normal
21900.57,100,170,78055.18,12.33,1315.09,196.12,Normal
29635.11,118,241,56968.6,12.11,1409.35,220.38,Normal
246.12,4,24,3074.46,113.77,585.49,143.34,Normal
422.43,15,24,1526.68,92.32,544.56,154.08,Normal
583.03,4,14,3900.57,30.87,553.87,184.62,Normal
52.9,2,1,104991.24,2586.51,69.02,61.49,PortScan
926.31,6,7,7973.33,14.03,547.57,156.27,Normal
1884.8,5,25,7250.42,15.92,528.9,184.28,Normal
1815.2,12,24,4958.22,19.83,645.8,151.17,Normal
42572.23,133,179,26833.5,7.33,1187.37,234.81,Normal
15445.08,109,181,94204.26,18.78,1261.83,228.45,Normal
90.53,2,0,129846.54,5414.68,901.08,235.49,PortScan
1529.9,9,18,8434.82,17.65,666.94,140.5,Normal
1582.57,8,16,4261.58,15.17,585.69,124.21,Normal
726.51,9,8,1633.88,23.4,530.99,157.84,Normal
1746.76,5,24,4557.42,16.6,606.2,131.85,Normal
405.1,12,15,6110.03,66.65,619.5,143.9,Normal
1941.68,4,8,7712.97,6.18,584.42,124.72,Normal
1843.77,7,7,6491.05,7.59,643.37,187.98,Normal
1107.29,8,23,6138.36,28,593.23,135.47,Normal
1071.61,6,8,7039.59,13.06,567.44,144.09,Normal
15085.39,96,239,59164.57,22.21,1360.35,252.04,Normal
2009.76,4,19,8166.4,11.44,647.65,178.64,Normal
1673.77,17,23,5332.23,23.9,671.94,166.72,Normal
257.55,10,17,6931.94,104.83,653.2,158.37,Normal
671.62,4,25,2554.78,43.18,622.37,169.04,Normal
1756.73,7,11,2497.28,10.25,553.19,165.17,Normal
1126.34,11,15,4497.63,23.08,541.29,145.14,Normal
46.52,1,0,49004.48,5960.95,659.26,199.14,PortScan
765.5,6,25,5909.4,40.5,664.87,144.74,Normal
41419.43,76,251,50183.24,7.89,1362.84,190.77,Normal
1795.37,17,9,7136.21,14.48,614.84,158.21,Normal
39715.61,132,288,84538.9,10.58,1162.81,252.31,Normal
2181.99,10,11,8337.02,9.62,591.66,132.53,Normal
1250.23,12,25,1484.03,29.59,640.26,173.74,Normal
828.16,11,15,4340.52,31.39,527.93,186.38,Normal
46426.46,95,167,43433.89,5.64,1175.99,209.12,Normal
1580.21,16,21,8344.88,23.41,555.45,139.98,Normal
384.7,11,7,1218.4,46.79,545.63,174.97,Normal
693.79,10,17,4311.45,38.92,622.27,166.65,Normal
41759.15,76,176,84470.26,6.03,1325.76,194.68,Normal
837.85,6,8,2669.75,16.71,676.94,134.24,Normal
780.75,16,21,6814.43,47.39,630.12,183.78,Normal
47.46,477,0,92394.46,5857.85,186.68,91.2,PortScan
1051.11,12,11,4338.14,21.88,602.9,173.3,Normal
321.25,7,10,8336.69,52.92,538.43,177.76,Normal
19.22,1,0,194502.25,3923.72,620.22,310.59,DataExfiltration
2155.6,9,11,6305.38,9.28,611.99,153.61,Normal
600.95,13,22,4108.64,58.24,671.77,143.35,Normal
1699.32,6,12,6114.59,10.59,524.96,179.26,Normal
1263.08,8,10,5873.08,14.25,588.66,170.77,Normal
30396.84,123,291,38046.85,13.62,1208.8,219.89,Normal
1976.75,7,20,1657.73,13.66,602.2,167.55,Normal
26795.09,123,184,78565.91,11.46,1359.79,256.79,Normal
579.38,14,21,1414.7,60.41,621.92,158.1,Normal
16945.69,138,157,32309.52,17.41,1194.73,219.42,Normal
1949.21,6,9,4922.63,7.7,668.87,123.93,Normal
23094.37,136,252,31338.99,16.8,1292.35,231.01,Normal
41100.24,70,154,61146.23,5.45,1397.68,201.8,Normal
1979.23,12,24,7558.81,18.19,594.94,134.16,Normal
1779.62,10,11,5035.12,11.8,579.29,156.3,Normal
994,15,22,4543.32,37.22,649.84,181.44,Normal
1099.46,5,9,5514.43,12.73,576.2,175.43,Normal
1963.6,14,22,7481.04,18.33,674.96,183.35,Normal
696.39,12,11,2927.53,33.03,679.41,127.05,Normal
864.59,16,12,2252.16,32.39,556.74,185.22,Normal
22000.25,97,156,80770.46,11.5,1263.83,191.81,Normal
2076.45,16,20,4588.69,17.34,570.18,134.21,Normal
775.87,14,14,6104.63,36.09,548.58,174.91,Normal
30555.1,91,228,83952.98,10.44,1152.06,206.37,Normal
999.05,7,8,8027.14,15.01,663.69,168.75,Normal
1702.75,13,22,5457.09,20.55,624.39,159.58,Normal
1909.46,4,22,8351.19,13.62,566.88,182.75,Normal
481.14,11,15,7096.07,54.04,580.74,127.68,Normal
28429.92,70,229,41045.28,10.52,1296.44,258.4,Normal
44861.89,77,181,44139.23,5.75,1264.86,237.33,Normal
674.52,12,18,3400.16,44.48,580.86,187.37,Normal
1793.13,17,11,7563.58,15.62,633.06,151.48,Normal
32988.38,122,229,40939.45,10.64,1317.29,238.16,Normal
762.13,8,18,5720.08,34.11,625.76,177.26,Normal
1496.25,5,10,7051.97,10.03,650.08,166.97,Normal
16764.03,75,252,54812.01,19.51,1353.84,198.79,Normal
1613.59,15,6,2637.78,13.01,542.26,150.33,Normal
628.7,4,11,6529.05,23.86,663.93,166.13,Normal
28589.62,101,276,90624.81,13.19,1415.13,235.14,Normal
1304.86,16,8,3115.88,18.39,620.14,179.05,Normal
1111.46,17,9,8063.7,23.39,645.6,189.19,Normal
46657.85,86,155,50628.08,5.17,1413.1,223.98,Normal
578.84,7,7,4382.47,24.19,671.95,188.57,Normal
1438.73,5,14,4513.5,13.21,524.5,131.73,Normal
34935.23,130,198,53632.91,9.39,1408.64,240.8,Normal
1065.1,4,21,4637.15,23.47,527.52,181.36,Normal
46550.22,97,165,73748.33,5.63,1204.53,228.53,Normal
1795.89,12,10,8281.32,12.25,611.02,122.55,Normal
1265.3,8,12,4640.53,15.81,531.89,152.3,Normal
37165.49,139,163,86463.24,8.13,1252.73,201.2,Normal
60.33,652,1,204353.08,6117.22,347.44,170.19,PortScan
1764.9,17,12,8420.92,16.43,529.39,156.6,Normal
1686.53,9,15,5065.51,14.23,600.39,168.55,Normal
25983.09,93,232,50209.36,12.51,1363.86,242.21,Normal
737.94,12,20,3821.69,43.36,529.68,175.86,Normal
24133.58,79,318,38214.06,16.45,1216.04,212.7,Normal
40309.89,130,162,25078.82,7.24,1151.02,222.07,Normal
43341,126,314,67760.18,10.15,1205.48,231.46,Normal
1513.4,11,14,3616.87,16.52,593.84,153.56,Normal
2070.4,8,15,5535.25,11.11,634.72,176.34,Normal
815.7,9,18,2413.32,33.1,666.05,133.24,Normal
34.5,1,0,76888.23,4308.35,1221.48,17.11,SYN_Flood
1890.86,16,17,3901.84,17.45,611.48,172.73,Normal
37255.89,77,175,48631.63,6.76,1239.35,241.98,Normal
1464.37,5,16,5591.26,14.34,647.69,170.72,Normal
508.41,11,17,4629.24,55.07,624.73,173.35,Normal
28869.95,105,160,69030.52,9.18,1398.45,228.81,Normal
1151.1,14,9,2336.33,19.98,585.37,175.13,Normal
47184.11,97,297,82614.85,8.35,1306.84,205.46,Normal
696.85,4,21,3400.79,35.88,565.48,172.7,Normal
19126.81,134,266,65865.16,20.91,1280.35,236.83,Normal
1580.97,5,22,6990.05,17.08,602.23,172.21,Normal
1261,17,9,6384.32,20.62,541.64,180.98,Normal
769.09,11,20,2342.02,40.31,534.56,160.78,Normal
1039.49,6,19,7618.13,24.05,526.16,164.5,Normal
606.55,4,14,7630.81,29.68,652.7,139.96,Normal
2082.85,12,15,3522.48,12.96,526.68,142.27,Normal
95.51,2,1,119131.8,3466.55,1208.27,171.92,SYN_Flood
35.26,2,0,168786.73,2383.38,349.01,42.16,SYN_Flood
1350.21,13,15,6506.54,20.74,664.66,167.13,Normal
531.7,4,7,6959.21,20.69,637.78,134.2,Normal
16963.3,109,204,83788.5,18.45,1389.94,228.82,Normal
1636.93,6,24,4427.46,18.33,546.93,187.7,Normal
330.44,16,10,2053.69,78.68,591.91,131.09,Normal
1268.23,17,14,7613.6,24.44,528.31,160.72,Normal
260.33,8,13,7883.23,80.67,624.94,134.07,Normal
22861.34,78,311,55178.93,17.02,1239.84,242.75,Normal
118.32,1,1,72859.41,4233.29,1282.05,56.13,SYN_Flood
744.17,15,12,6883.69,36.28,633.67,124.43,Normal
1159.49,13,22,4639.15,30.19,536.43,189.97,Normal
925.03,9,14,3678.57,24.86,657.67,181.18,Normal
45813.92,90,201,31667.72,6.35,1290.4,233.48,Normal
24197.12,89,238,54271.97,13.51,1307.85,227,Normal
1454.26,7,24,1882.29,21.32,630.26,150.41,Normal
39984.12,113,307,54774.14,10.5,1386.66,256.67,Normal
1619.6,5,11,7896.57,9.88,556.78,161.14,Normal
15.54,2,0,189874.75,4446.33,149.76,56.2,PortScan
16592.44,123,214,33492.55,20.31,1220.83,249.91,Normal
34272.1,139,258,72815.1,11.58,1380.47,243.96,Normal
1550.36,12,9,5680.37,13.55,675.55,174.9,Normal
1974.37,15,16,6059.56,15.7,544.49,145,Normal
1645.72,7,18,3501.67,15.19,648.63,163.33,Normal
1040.26,4,9,2224.37,12.5,558.67,181.96,Normal
570.35,5,21,5094.6,45.59,667.11,184.79,Normal
1668.73,14,10,1568.2,14.38,565.16,155.25,Normal
34875.15,113,288,84474.81,11.5,1156.02,192.96,Normal
1130.81,8,17,3496.38,22.11,624.93,180.24,Normal
1960.12,11,14,6358.14,12.75,647.81,167.25,Normal
804.69,15,16,3701.97,38.52,604.34,120.51,Normal
38100.71,109,217,68218.27,8.56,1380.48,235.78,Normal
1322.14,16,23,6034.82,29.5,547.79,178.68,Normal
1253.37,16,23,4397.71,31.12,669,177.06,Normal
1601.39,11,20,6840.04,19.36,533.09,138.78,Normal
393.33,8,9,2309.28,43.22,659.69,170.25,Normal
838.32,15,19,6220.55,40.56,660.29,181.64,Normal
369.53,4,7,4354.53,29.77,630.58,123.66,Normal
1553.8,8,17,4116.24,16.09,657.02,165.18,Normal
1398.1,4,14,7919.93,12.87,550.81,132.22,Normal
1091.7,10,8,8107.51,16.49,642.71,169.85,Normal
1377.69,11,19,6868.35,21.78,539.61,138.37,Normal
19308.94,117,264,27816.21,19.73,1322.1,195.81,Normal
998.31,9,21,2582.76,30.05,564.32,145.69,Normal
1746.37,5,8,4098.95,7.44,610.24,166.16,Normal
105.54,588,0,102443.77,5096.63,226.9,180.3,DataExfiltration
23313.29,76,148,83261.75,9.61,1199.35,248.12,Normal
35376.1,114,196,82776.62,8.76,1242.03,192.35,Normal
1119.41,16,8,8049.04,21.44,613.93,138.2,Normal
1081.02,8,7,2406.49,13.88,543.6,149.01,Normal
1081.54,14,9,5233.51,21.27,666.29,131.06,Normal
535.74,16,8,5983.23,44.8,563.65,129.81,Normal
2060.26,10,21,3576.2,15.05,634.16,177.39,Normal
1449.89,14,7,6607.85,14.48,641.17,141.97,Normal
1724.67,8,18,7235,15.08,595.32,137.06,Normal
47904.28,108,154,65650.17,5.47,1401.48,234.59,Normal
1847.94,16,25,8416.46,22.19,604.01,133.1,Normal
1663.68,14,25,7173.12,23.44,636.69,121.46,Normal
1224.22,14,18,6037.92,26.14,597.96,156.99,Normal
1272.31,15,14,2880.32,22.79,612.56,176.41,Normal
1685.7,13,6,3010.81,11.27,574.84,130.29,Normal
2026.97,12,12,4693.12,11.84,588.85,166.68,Normal
1935.14,16,7,1981,11.89,567.15,149.08,Normal
1206.6,11,20,3527.32,25.69,584.49,145.13,Normal
23055.08,129,200,47322.15,14.27,1355.41,217.95,Normal
1396.97,8,20,4021.45,20.04,525.21,186.55,Normal
536.12,4,19,4565.88,42.9,594.67,170.14,Normal
2097.33,9,12,7229.02,10.01,529.85,180.6,Normal
17624.54,132,221,66586.83,20.03,1299.94,195.74,Normal
29344.29,84,217,71688.18,10.26,1171.45,194.99,Normal
1433.1,11,14,2327.58,17.44,564.07,128.03,Normal
15707.31,79,296,36135.45,23.87,1340.07,227.6,Normal
19687.6,111,162,87599.03,13.87,1392.16,196.53,Normal
904.71,13,22,1567.19,38.69,662.07,165.86,Normal
93.6,885,0,69534.77,5012.2,533.18,145.65,SYN_Flood
1726.66,13,8,2966.91,12.16,549.69,166.66,Normal
2035.13,5,22,6600.98,13.27,554.87,189.49,Normal
20673.16,138,204,62451.14,16.54,1249.9,224.07,Normal
25878.53,103,151,88336.4,9.82,1371.9,196.09,Normal
1132.98,11,25,5769.4,31.77,531.18,160.24,Normal
41246.06,84,247,56271.54,8.03,1258.19,223.3,Normal
97.54,514,0,132768.14,4072.76,1194.7,96.2,DataExfiltration
2065.97,7,12,7589.29,9.2,545.77,125.92,Normal
444.1,4,6,4126.58,22.52,597.21,159.94,Normal
33046.79,104,250,28595.48,10.71,1327.41,232.02,Normal
18.07,2,0,195538.92,3640.66,1386.33,244.69,PortScan
1824.18,12,10,2035.89,12.06,565.61,138.22,Normal
37729.52,125,249,44001.52,9.91,1219.95,256.61,Normal
272.58,13,15,4574,102.72,678.52,161.5,Normal
837.17,6,17,4350.87,27.47,622.22,180.68,Normal
1354.19,14,18,6221.14,23.63,574.7,172.82,Normal
530.06,8,17,2879.64,47.16,655.86,154.56,Normal
1899.16,4,8,7321.81,6.32,603.57,129.27,Normal
1786.2,9,16,2525.54,14,631.48,149.96,Normal
69.91,783,0,179380.14,5316.15,1034.42,257.41,SYN_Flood
555.56,4,19,3287.64,41.4,601.61,163.06,Normal
1870.99,4,14,3603.42,9.62,557.66,137.19,Normal
1668.59,9,7,6016.02,9.59,546.21,180.44,Normal
26256.1,111,301,54822.81,15.69,1175.57,217.75,Normal
951.87,10,9,5092.65,19.96,620.52,146.31,Normal
2143.48,13,20,1516.78,15.4,605.89,155.92,Normal
2147.49,6,17,4745.21,10.71,630.24,162.72,Normal
1713.96,5,10,7241.36,8.75,676.43,177.37,Normal
1189.02,6,18,4858.7,20.18,549.1,135.41,Normal
46089.88,127,189,41521.9,6.86,1364.23,204.16,Normal
663.62,5,17,6885.01,33.15,559.58,186.13,Normal
993.67,17,25,7684.35,42.27,537.51,189.6,Normal
23463.22,121,310,39349.18,18.37,1366.08,200.51,Normal
41298.16,122,319,33873.45,10.68,1231.09,247.29,Normal
39595.13,73,264,66694.3,8.51,1380.83,259.59,Normal
40.1,805,1,210538.95,2819.13,201.58,119.07,PortScan
1884.6,17,7,7277.27,12.73,532.92,177.64,Normal
277.81,12,13,6252.71,89.99,567.06,159.98,Normal
983.92,16,18,3860,34.56,585.27,179.96,Normal
30212.7,110,292,84306.82,13.31,1332.52,201.6,Normal
2075.05,12,8,7608.91,9.64,544.41,151.16,Normal
58.06,1,0,74544.36,6738.33,464.58,293.4,DataExfiltration
554.72,13,12,4044.52,45.07,663.27,128.35,Normal
1667.25,17,20,3445.9,22.19,622.5,184.05,Normal
1812.6,11,10,5895.16,11.59,592.65,137.35,Normal
1199.55,5,12,5423.82,14.17,566.88,143.32,Normal
1471.12,9,8,7107.94,11.56,529.98,158.3,Normal
31275.92,132,169,56232.03,9.62,1187.29,225.91,Normal
430.88,16,25,6332.49,95.15,654.73,186,Normal
41631.01,123,227,42273.98,8.41,1408.17,216.87,Normal
1228.89,10,24,6581.59,27.67,535.85,125.39,Normal
1239.72,14,23,1633.14,29.85,612.19,188.81,Normal
2097.43,8,24,8251.02,15.26,559.6,188.29,Normal
1462.29,13,10,3064.74,15.73,562.77,180.52,Normal
28202.7,77,284,86210.63,12.8,1205.24,215.33,Normal
118.62,2,1,163412.16,6152.25,734.66,211.79,DataExfiltration
932.53,14,17,2247.48,33.24,663.5,186.17,Normal
1380.03,15,12,8162.8,19.56,665.61,177.42,Normal
2108.68,17,18,2850.74,16.6,628.37,155.21,Normal
572.7,16,11,3577.1,47.15,545.12,160.99,Normal
1653.13,14,21,1965.34,21.17,610.29,173.46,Normal
1150.77,11,21,1499.55,27.81,588.59,148.87,Normal
1394.54,4,17,4309.98,15.06,562.27,179.02,Normal
33581.88,70,233,69778.64,9.02,1183.75,190.94,Normal
1518.95,10,13,2947.91,15.14,608.42,188.63,Normal
37799.97,95,288,71850.36,10.13,1275.59,259.01,Normal
1149.14,15,14,7834.67,25.24,654.86,186.61,Normal
1749.01,15,20,1589.84,20.01,599.16,127.98,Normal
1452.3,5,8,7787.33,8.95,568.92,127.22,Normal
2096,11,16,4218.57,12.88,634.34,127.12,Normal
35196.47,116,225,43941.68,9.69,1298.33,218.81,Normal
821.78,7,21,4338.83,34.07,526.71,136.13,Normal
2050.78,12,25,3682.02,18.04,608.21,181.63,Normal
256.69,5,10,5794.24,58.44,536.5,183.92,Normal
598.04,16,10,4754.64,43.48,671.39,122.16,Normal
35009.94,115,288,71502.89,11.51,1309.26,253.92,Normal
2010.18,11,23,8491.06,16.91,644.01,164.19,Normal
19359.89,72,299,77813.53,19.16,1399.1,199.07,Normal
1895.06,10,14,5945.37,12.66,572.6,139.01,Normal
43950.68,87,215,41024.64,6.87,1288.36,258.63,Normal
1979.01,11,20,7033.94,15.66,661.41,186.04,Normal
19.94,1,1,165965.53,6466.63,318.95,254.25,DataExfiltration
810.93,5,19,5122,29.6,549.66,141.08,Normal
1105.1,16,18,8403.97,30.77,665.34,120.83,Normal
45241.29,70,319,42626.09,8.6,1293.94,198.62,Normal
17751.87,125,302,25774.45,24.05,1367.2,190.01,Normal
44150.04,136,311,56572.36,10.12,1368.59,257.73,Normal
341.45,17,23,2146.69,117.15,570.93,138.52,Normal
41046.45,87,160,27716.67,6.02,1192.97,238.31,Normal
118.91,671,1,104695.56,7782.41,190.8,256.54,PortScan
1947.4,9,16,4350.14,12.84,674.63,177.48,Normal
33565.99,123,263,41883.49,11.5,1260.94,238.29,Normal
45289.91,116,255,34084.33,8.19,1383.52,197.05,Normal
1827.15,13,21,2317.92,18.61,656.09,181.31,Normal
15063.62,139,214,34458.46,23.43,1266.51,203.55,Normal
888.3,7,16,3131.03,25.89,676.6,153.15,Normal
1977.16,13,25,6070.72,19.22,623.4,188.03,Normal
39457.59,116,221,56495.77,8.54,1187.01,244.1,Normal
1140.22,17,18,7963.25,30.7,608.01,168.6,Normal
2080.66,7,22,1985.12,13.94,551.36,170.72,Normal
1961.59,5,6,1485.79,5.61,554.95,125.07,Normal
1446.83,6,23,2095.94,20.04,585.53,147.85,Normal
2181.05,14,6,8102.74,9.17,633.73,124.39,Normal
32172.46,87,258,91535.67,10.72,1360.45,244.87,Normal
43492.97,92,202,81687.36,6.76,1378.33,204.66,Normal
929.38,16,25,4002.81,44.12,559.44,151.64,Normal
218.25,8,6,6029.81,64.15,605.92,182.29,Normal
38846.47,71,315,74614.59,9.94,1230.16,254.75,Normal
67.59,441,0,128328.21,4200.74,506.73,315.24,SYN_Flood
27310.74,139,277,87692.59,15.23,1395.22,223.25,Normal
606.92,14,22,1649.05,59.32,600.89,173.93,Normal
656.93,6,23,5101.38,44.14,637.4,157.4,Normal
16981.81,116,186,82417.4,17.78,1278.91,258.5,Normal
671.01,11,25,3284.77,53.65,665.21,177.07,Normal
487.9,12,14,3275.27,53.29,632.26,122.93,Normal
1516.46,13,23,2849.4,23.74,540.63,150.88,Normal
1997.4,9,13,3847.97,11.01,583.48,149.59,Normal
22120.72,101,216,46266.72,14.33,1172.2,197.93,Normal
28913.69,139,183,72346.55,11.14,1411.08,201.43,Normal
56.3,2,0,204131.04,2569.82,946.57,215.58,SYN_Flood
36060.38,138,274,87352.87,11.43,1213.37,204.33,Normal
78.53,929,0,97818.51,9325.95,614.2,74.45,DataExfiltration
1491.37,4,23,7888.12,18.1,601.24,174.57,Normal
1940.58,8,24,5272.53,16.49,630.01,122.83,Normal
19.82,414,0,150075.2,9410.61,1285.69,332.6,DataExfiltration
1072.63,12,6,3068.34,16.78,649.19,122.35,Normal
95.53,870,0,202885.57,9563.84,1348.26,299.78,DataExfiltration
20112.15,94,314,92365.05,20.29,1295.89,209.65,Normal
1419.24,8,6,5099.02,9.86,569.51,152.66,Normal
36.1,2,1,81400.18,7132.97,536.74,83.75,PortScan
988.44,16,14,7067.92,30.35,671.35,123.64,Normal
289.87,11,20,6548.3,106.94,651.95,187.03,Normal
1160.43,9,23,6852.89,27.58,563.71,161.29,Normal
33359.12,115,299,46377.43,12.41,1400.8,214.39,Normal
1989.02,9,14,3725.78,11.56,603.85,141.45,Normal
42289.38,111,248,58973.29,8.49,1404.54,209,Normal
313.48,13,20,6857.13,105.27,547.29,181.53,Normal
641.42,5,21,3731.79,40.54,668.64,129.47,Normal
31046.39,111,157,38430.52,8.63,1214.69,232.28,Normal
730.17,16,8,7823.07,32.87,567.02,177.12,Normal
293.62,13,16,3387.13,98.77,568.39,156.53,Normal
44469.11,84,295,75830,8.52,1354.79,206.49,Normal
1545.66,6,7,3809.36,8.41,651.74,189.66,Normal
2095.98,6,20,7488.81,12.4,598.72,124.79,Normal
795.93,16,23,7187.77,49,549.58,154.7,Normal
1622.32,5,23,2792.89,17.26,520.77,135.31,Normal
926.12,16,20,4127.91,38.87,569.61,182.27,Normal
17391.36,111,179,68615.97,16.67,1374.76,257.09,Normal
20317.31,132,185,94099.46,15.6,1370.22,227.2,Normal
1832.88,14,8,6671.65,12,645.18,142.6,Normal
1614.69,8,22,2207.96,18.58,650.95,144.6,Normal
1602.5,15,19,7364.98,21.22,618.23,164.7,Normal
16645.17,115,201,85876.56,18.98,1278.24,192.33,Normal
845.31,4,13,6637.57,20.11,600.68,137.87,Normal
1796.32,14,24,8493.46,21.15,675.04,183.37,Normal
1882.53,17,10,5371.06,14.34,548.42,133.06,Normal
42935.1,93,202,73081.13,6.87,1297.51,196.69,Normal
32245.14,96,210,26554.84,9.49,1316.51,206.42,Normal
21600.99,113,217,80665.44,15.28,1251.17,213.01,Normal
586.32,14,13,7534.28,46.05,579.04,138.9,Normal
1913.73,5,7,6037.59,6.27,572.64,184.59,Normal
2088.51,10,15,8379.43,11.97,609.87,170.92,Normal
2021.41,16,22,4187.11,18.8,662,123.37,Normal
546.52,12,20,2886.22,58.55,595.11,157.64,Normal
1810.5,5,20,3923.54,13.81,664.34,180.38,Normal
1726.84,15,23,1715.71,22.01,677.64,173.7,Normal
1963.24,8,12,5134.5,10.19,664.21,158.38,Normal
42519.38,72,169,64960.03,5.67,1373.07,236.47,Normal
927.44,5,6,8401.95,11.86,636.39,172.71,Normal
45807.85,87,295,67105.25,8.34,1221.82,246.93,Normal
106.9,2,1,50067.47,3846.66,54.38,172.03,SYN_Flood
36048.14,127,198,64501.71,9.02,1244.57,209.75,Normal
272.58,10,20,7577.64,110.06,647.98,165.15,Normal
1548.75,11,21,2640.05,20.66,521.53,148.56,Normal
2123.87,15,16,1564.46,14.6,575.75,138.43,Normal
39608.15,107,263,36437.88,9.34,1291.42,228.81,Normal
95.28,1,1,139452.4,7438.01,1041.2,196.41,SYN_Flood
27114.4,120,257,53271.24,13.9,1167.17,245.98,Normal
26365,72,245,86471.78,12.02,1226.87,227.74,Normal
24.48,2,0,136322.06,8994.14,783.53,52.64,DataExfiltration
26302.21,110,213,88145.4,12.28,1214.18,201.88,Normal
37678.31,73,176,91451.47,6.61,1321.67,198.54,Normal
15930.89,81,176,77781.51,16.13,1384.07,197.63,Normal
38716.59,95,183,63798.39,7.18,1205.43,239.92,Normal
777.78,15,19,6999.1,43.71,569,144.45,Normal
85.97,2,1,78549.06,5880.15,283.12,69.5,PortScan
1329.7,16,18,7466.52,25.57,543.37,170.92,Normal
45864.75,89,300,36381.18,8.48,1284.17,198.62,Normal
42329.68,113,260,46350.37,8.81,1350.68,254.99,Normal
16348.24,85,175,38276,15.9,1329.72,245.05,Normal
779.62,14,11,2020.47,32.07,526.59,178.44,Normal
1100.49,13,18,5353.09,28.17,635.25,166.21,Normal
617.08,5,11,8407.62,25.93,552.26,168.47,Normal
1179.05,9,18,7492.61,22.9,544.62,169.82,Normal
2003.45,12,8,1309.8,9.98,592.79,181.59,Normal
755.94,4,25,4184.12,38.36,619.33,152.31,Normal
1837.08,12,11,1594.37,12.52,534.17,166.89,Normal
1711.56,7,14,7807.46,12.27,671.91,169.8,Normal
213.79,5,12,3093.71,79.52,654.58,169.78,Normal
47812.99,136,304,90210.7,9.2,1355.8,247.69,Normal
1516.77,10,11,3752.62,13.85,542.11,123.63,Normal
230.87,12,6,1979.77,77.97,649.1,121.51,Normal
1295.1,12,8,1820.84,15.44,596.54,184.04,Normal
33580.75,85,161,28214.34,7.33,1294.13,253.8,Normal
30387.96,110,241,71562.9,11.55,1305.97,205.32,Normal
1182.93,4,20,6767.23,20.29,614.15,121.12,Normal
396.21,15,15,8189.14,75.72,531.65,180.09,Normal
73.9,942,0,105638.72,4006.32,1184.17,106.49,DataExfiltration
17.66,457,0,212693.68,8559.93,1086.51,293.42,SYN_Flood
2160.92,6,24,8312.56,13.88,546.22,146,Normal
1354.51,6,18,2537.42,17.72,647.37,138.79,Normal
42340.06,133,251,75310.33,9.07,1410,244.15,Normal
20243.96,120,220,42386.06,16.8,1250.51,230.03,Normal
34420.42,106,172,30889.95,8.08,1238.3,223.05,Normal
19796.28,108,246,76672.73,17.88,1317.85,223.61,Normal
71.16,566,0,165232.34,6004.43,650.69,58.27,SYN_Flood
44032.94,96,233,51628.74,7.47,1277.3,199.41,Normal
2024.01,5,15,1886.35,9.88,534.13,186.63,Normal
1269.23,14,19,8319.97,26,625.97,125.5,Normal
38733.42,91,246,54107.88,8.7,1184.95,227.62,Normal
1263.71,9,9,1919.84,14.24,603.75,168.02,Normal
50.44,1,0,157025.51,4719.75,931.64,162.75,DataExfiltration
643.99,6,11,1296.52,26.4,678.49,181.27,Normal
34155.89,128,175,60061.22,8.87,1356.08,254.37,Normal
1367.42,14,10,6310.41,17.55,525.95,179.49,Normal
27977.51,74,221,85767.57,10.54,1378.44,213.95,Normal
21598.34,132,195,77226.82,15.14,1154.14,258.97,Normal
1929.14,11,20,2275.79,16.07,644.06,156.68,Normal
41678.12,74,308,82176.8,9.17,1187.2,221.55,Normal
29.62,662,0,51078.41,4865.38,223.88,313.59,DataExfiltration
1122.08,13,20,3556.82,29.41,579.61,137.15,Normal
623.47,8,8,2421.51,25.66,642.98,130.65,Normal
44.22,2,0,216087.99,6966.59,1246.33,109.08,SYN_Flood
30088.2,120,256,72738.2,12.5,1321.45,212.11,Normal
1526.42,4,6,3746.83,6.55,659.74,176.63,Normal
800.64,13,17,2470.84,37.47,633.07,175.91,Normal
960.91,8,24,3779.25,33.3,544.99,177.62,Normal
1394.58,11,24,6258.11,25.1,596.59,161.38,Normal
29631.99,99,165,82538.98,8.91,1179.43,221.22,Normal
37174.09,130,276,72968.13,10.92,1300.19,252.67,Normal
336.92,14,19,2051.35,97.95,572.44,148.48,Normal
458.79,7,7,3369.75,30.52,676.89,166,Normal
821.15,8,8,2256.42,19.48,575.64,170.63,Normal
1290.13,15,24,7443.32,30.23,549.97,130.69,Normal
27662.13,112,157,48517.71,9.72,1373.82,215.73,Normal
458.81,17,11,1853.25,61.03,601.6,140.89,Normal
559.01,14,15,5593.68,51.88,610.41,140.37,Normal
2067.11,11,7,3836.8,8.71,555.01,150.39,Normal
1489.72,10,18,4002.78,18.8,631.33,186.22,Normal
25018.27,102,245,71778.18,13.87,1189.93,225.58,Normal
1973.72,11,17,1205.12,14.19,531.72,126.88,Normal
42249.18,116,163,79184.85,6.6,1244.55,244.27,Normal